{"columns":[{"kind":"Default","name":"event_date","num_defaults":0,"num_rows":8051},{"kind":"Default","name":"event_time","num_defaults":0,"num_rows":8051},{"kind":"Default","name":"event_time_microseconds","num_defaults":0,"num_rows":8051},{"kind":"Default","name":"level","num_defaults":0,"num_rows":8051},{"kind":"Default","name":"message","num_defaults":0,"num_rows":8051},{"kind":"Default","name":"query_id","num_defaults":6252,"num_rows":8051},{"kind":"Default","name":"revision","num_defaults":0,"num_rows":8051},{"kind":"Default","name":"source_line","num_defaults":10,"num_rows":8051},{"kind":"Default","name":"thread_id","num_defaults":0,"num_rows":8051},{"kind":"Default","name":"value1","num_defaults":276,"num_rows":8051},{"kind":"Sparse","name":"value10","num_defaults":8051,"num_rows":8051},{"kind":"Default","name":"value2","num_defaults":2527,"num_rows":8051},{"kind":"Default","name":"value3","num_defaults":5138,"num_rows":8051},{"kind":"Sparse","name":"value4","num_defaults":7621,"num_rows":8051},{"kind":"Sparse","name":"value5","num_defaults":7724,"num_rows":8051},{"kind":"Sparse","name":"value6","num_defaults":7887,"num_rows":8051},{"kind":"Sparse","name":"value7","num_defaults":7877,"num_rows":8051},{"kind":"Sparse","name":"value8","num_defaults":8051,"num_rows":8051},{"kind":"Sparse","name":"value9","num_defaults":8051,"num_rows":8051}],"version":0}