{"columns":[{"kind":"Default","name":"event_date","num_defaults":0,"num_rows":10958},{"kind":"Default","name":"event_time","num_defaults":0,"num_rows":10958},{"kind":"Default","name":"event_time_microseconds","num_defaults":0,"num_rows":10958},{"kind":"Default","name":"level","num_defaults":0,"num_rows":10958},{"kind":"Default","name":"message","num_defaults":0,"num_rows":10958},{"kind":"Default","name":"query_id","num_defaults":8097,"num_rows":10958},{"kind":"Default","name":"revision","num_defaults":0,"num_rows":10958},{"kind":"Default","name":"source_line","num_defaults":20,"num_rows":10958},{"kind":"Default","name":"thread_id","num_defaults":0,"num_rows":10958},{"kind":"Default","name":"value1","num_defaults":414,"num_rows":10958},{"kind":"Sparse","name":"value10","num_defaults":10958,"num_rows":10958},{"kind":"Default","name":"value2","num_defaults":3460,"num_rows":10958},{"kind":"Default","name":"value3","num_defaults":6828,"num_rows":10958},{"kind":"Sparse","name":"value4","num_defaults":10325,"num_rows":10958},{"kind":"Sparse","name":"value5","num_defaults":10549,"num_rows":10958},{"kind":"Sparse","name":"value6","num_defaults":10643,"num_rows":10958},{"kind":"Sparse","name":"value7","num_defaults":10593,"num_rows":10958},{"kind":"Sparse","name":"value8","num_defaults":10907,"num_rows":10958},{"kind":"Sparse","name":"value9","num_defaults":10958,"num_rows":10958}],"version":0}