{"columns":[{"kind":"Default","name":"event_date","num_defaults":0,"num_rows":10398},{"kind":"Default","name":"event_time","num_defaults":0,"num_rows":10398},{"kind":"Default","name":"event_time_microseconds","num_defaults":0,"num_rows":10398},{"kind":"Default","name":"level","num_defaults":0,"num_rows":10398},{"kind":"Default","name":"message","num_defaults":0,"num_rows":10398},{"kind":"Default","name":"query_id","num_defaults":7807,"num_rows":10398},{"kind":"Default","name":"revision","num_defaults":0,"num_rows":10398},{"kind":"Default","name":"source_line","num_defaults":20,"num_rows":10398},{"kind":"Default","name":"thread_id","num_defaults":0,"num_rows":10398},{"kind":"Default","name":"value1","num_defaults":406,"num_rows":10398},{"kind":"Sparse","name":"value10","num_defaults":10398,"num_rows":10398},{"kind":"Default","name":"value2","num_defaults":3251,"num_rows":10398},{"kind":"Default","name":"value3","num_defaults":6540,"num_rows":10398},{"kind":"Default","name":"value4","num_defaults":9805,"num_rows":10398},{"kind":"Sparse","name":"value5","num_defaults":9999,"num_rows":10398},{"kind":"Sparse","name":"value6","num_defaults":10173,"num_rows":10398},{"kind":"Sparse","name":"value7","num_defaults":10063,"num_rows":10398},{"kind":"Sparse","name":"value8","num_defaults":10277,"num_rows":10398},{"kind":"Sparse","name":"value9","num_defaults":10398,"num_rows":10398}],"version":0}