{"columns":[{"kind":"Default","name":"event_date","num_defaults":0,"num_rows":562},{"kind":"Default","name":"event_time","num_defaults":0,"num_rows":562},{"kind":"Default","name":"event_time_microseconds","num_defaults":0,"num_rows":562},{"kind":"Default","name":"level","num_defaults":0,"num_rows":562},{"kind":"Default","name":"message","num_defaults":0,"num_rows":562},{"kind":"Default","name":"query_id","num_defaults":354,"num_rows":562},{"kind":"Default","name":"revision","num_defaults":0,"num_rows":562},{"kind":"Default","name":"source_line","num_defaults":0,"num_rows":562},{"kind":"Default","name":"thread_id","num_defaults":0,"num_rows":562},{"kind":"Default","name":"value1","num_defaults":53,"num_rows":562},{"kind":"Sparse","name":"value10","num_defaults":562,"num_rows":562},{"kind":"Default","name":"value2","num_defaults":183,"num_rows":562},{"kind":"Default","name":"value3","num_defaults":348,"num_rows":562},{"kind":"Default","name":"value4","num_defaults":457,"num_rows":562},{"kind":"Default","name":"value5","num_defaults":499,"num_rows":562},{"kind":"Default","name":"value6","num_defaults":514,"num_rows":562},{"kind":"Default","name":"value7","num_defaults":482,"num_rows":562},{"kind":"Default","name":"value8","num_defaults":524,"num_rows":562},{"kind":"Sparse","name":"value9","num_defaults":562,"num_rows":562}],"version":0}