{"columns":[{"kind":"Default","name":"event_date","num_defaults":0,"num_rows":9115},{"kind":"Default","name":"event_time","num_defaults":0,"num_rows":9115},{"kind":"Default","name":"event_time_microseconds","num_defaults":0,"num_rows":9115},{"kind":"Default","name":"level","num_defaults":0,"num_rows":9115},{"kind":"Default","name":"message","num_defaults":0,"num_rows":9115},{"kind":"Default","name":"query_id","num_defaults":6847,"num_rows":9115},{"kind":"Default","name":"revision","num_defaults":0,"num_rows":9115},{"kind":"Default","name":"source_line","num_defaults":20,"num_rows":9115},{"kind":"Default","name":"thread_id","num_defaults":0,"num_rows":9115},{"kind":"Default","name":"value1","num_defaults":321,"num_rows":9115},{"kind":"Sparse","name":"value10","num_defaults":9115,"num_rows":9115},{"kind":"Default","name":"value2","num_defaults":2908,"num_rows":9115},{"kind":"Default","name":"value3","num_defaults":5721,"num_rows":9115},{"kind":"Sparse","name":"value4","num_defaults":8662,"num_rows":9115},{"kind":"Sparse","name":"value5","num_defaults":8819,"num_rows":9115},{"kind":"Sparse","name":"value6","num_defaults":8906,"num_rows":9115},{"kind":"Sparse","name":"value7","num_defaults":8866,"num_rows":9115},{"kind":"Sparse","name":"value8","num_defaults":9075,"num_rows":9115},{"kind":"Sparse","name":"value9","num_defaults":9115,"num_rows":9115}],"version":0}