{"columns":[{"kind":"Default","name":"address","num_defaults":0,"num_rows":1},{"kind":"Default","name":"client_revision","num_defaults":0,"num_rows":1},{"kind":"Default","name":"client_version_major","num_defaults":0,"num_rows":1},{"kind":"Default","name":"client_version_minor","num_defaults":0,"num_rows":1},{"kind":"Default","name":"client_version_patch","num_defaults":0,"num_rows":1},{"kind":"Sparse","name":"distributed_depth","num_defaults":1,"num_rows":1},{"kind":"Default","name":"event_date","num_defaults":0,"num_rows":1},{"kind":"Default","name":"event_time","num_defaults":0,"num_rows":1},{"kind":"Default","name":"event_time_microseconds","num_defaults":0,"num_rows":1},{"kind":"Default","name":"exception","num_defaults":0,"num_rows":1},{"kind":"Default","name":"exception_code","num_defaults":0,"num_rows":1},{"kind":"Sparse","name":"formatted_query","num_defaults":1,"num_rows":1},{"kind":"Sparse","name":"forwarded_for","num_defaults":1,"num_rows":1},{"kind":"Sparse","name":"http_method","num_defaults":1,"num_rows":1},{"kind":"Sparse","name":"http_referer","num_defaults":1,"num_rows":1},{"kind":"Default","name":"initial_address","num_defaults":0,"num_rows":1},{"kind":"Default","name":"initial_port","num_defaults":0,"num_rows":1},{"kind":"Default","name":"initial_query_id","num_defaults":0,"num_rows":1},{"kind":"Default","name":"initial_query_start_time","num_defaults":0,"num_rows":1},{"kind":"Default","name":"initial_query_start_time_microseconds","num_defaults":0,"num_rows":1},{"kind":"Default","name":"interface","num_defaults":0,"num_rows":1},{"kind":"Default","name":"is_initial_query","num_defaults":0,"num_rows":1},{"kind":"Sparse","name":"is_secure","num_defaults":1,"num_rows":1},{"kind":"Sparse","name":"log_comment","num_defaults":1,"num_rows":1},{"kind":"Sparse","name":"memory_usage","num_defaults":1,"num_rows":1},{"kind":"Default","name":"normalized_query_hash","num_defaults":0,"num_rows":1},{"kind":"Sparse","name":"peak_threads_usage","num_defaults":1,"num_rows":1},{"kind":"Default","name":"port","num_defaults":0,"num_rows":1},{"kind":"Default","name":"query","num_defaults":0,"num_rows":1},{"kind":"Sparse","name":"query_cache_usage","num_defaults":1,"num_rows":1},{"kind":"Default","name":"query_duration_ms","num_defaults":0,"num_rows":1},{"kind":"Default","name":"query_id","num_defaults":0,"num_rows":1},{"kind":"Default","name":"query_start_time","num_defaults":0,"num_rows":1},{"kind":"Default","name":"query_start_time_microseconds","num_defaults":0,"num_rows":1},{"kind":"Sparse","name":"quota_key","num_defaults":1,"num_rows":1},{"kind":"Sparse","name":"read_bytes","num_defaults":1,"num_rows":1},{"kind":"Sparse","name":"read_rows","num_defaults":1,"num_rows":1},{"kind":"Sparse","name":"result_bytes","num_defaults":1,"num_rows":1},{"kind":"Sparse","name":"result_rows","num_defaults":1,"num_rows":1},{"kind":"Default","name":"revision","num_defaults":0,"num_rows":1},{"kind":"Default","name":"stack_trace","num_defaults":0,"num_rows":1},{"kind":"Sparse","name":"transaction_id","num_defaults":1,"num_rows":1,"subcolumns":[{"kind":"Sparse","num_defaults":1,"num_rows":1},{"kind":"Sparse","num_defaults":1,"num_rows":1},{"kind":"Sparse","num_defaults":1,"num_rows":1}]},{"kind":"Default","name":"type","num_defaults":0,"num_rows":1},{"kind":"Sparse","name":"written_bytes","num_defaults":1,"num_rows":1},{"kind":"Sparse","name":"written_rows","num_defaults":1,"num_rows":1}],"version":0}