{"columns":[{"kind":"Default","name":"event_date","num_defaults":0,"num_rows":9822},{"kind":"Default","name":"event_time","num_defaults":0,"num_rows":9822},{"kind":"Default","name":"event_time_microseconds","num_defaults":0,"num_rows":9822},{"kind":"Default","name":"level","num_defaults":0,"num_rows":9822},{"kind":"Default","name":"message","num_defaults":0,"num_rows":9822},{"kind":"Default","name":"query_id","num_defaults":7316,"num_rows":9822},{"kind":"Default","name":"revision","num_defaults":0,"num_rows":9822},{"kind":"Default","name":"source_line","num_defaults":20,"num_rows":9822},{"kind":"Default","name":"thread_id","num_defaults":0,"num_rows":9822},{"kind":"Default","name":"value1","num_defaults":376,"num_rows":9822},{"kind":"Sparse","name":"value10","num_defaults":9822,"num_rows":9822},{"kind":"Default","name":"value2","num_defaults":3130,"num_rows":9822},{"kind":"Default","name":"value3","num_defaults":6158,"num_rows":9822},{"kind":"Sparse","name":"value4","num_defaults":9256,"num_rows":9822},{"kind":"Sparse","name":"value5","num_defaults":9458,"num_rows":9822},{"kind":"Sparse","name":"value6","num_defaults":9562,"num_rows":9822},{"kind":"Sparse","name":"value7","num_defaults":9490,"num_rows":9822},{"kind":"Sparse","name":"value8","num_defaults":9744,"num_rows":9822},{"kind":"Sparse","name":"value9","num_defaults":9822,"num_rows":9822}],"version":0}