{"columns":[{"kind":"Default","name":"event_date","num_defaults":0,"num_rows":8753},{"kind":"Default","name":"event_time","num_defaults":0,"num_rows":8753},{"kind":"Default","name":"event_time_microseconds","num_defaults":0,"num_rows":8753},{"kind":"Default","name":"level","num_defaults":0,"num_rows":8753},{"kind":"Default","name":"message","num_defaults":0,"num_rows":8753},{"kind":"Default","name":"query_id","num_defaults":6848,"num_rows":8753},{"kind":"Default","name":"revision","num_defaults":0,"num_rows":8753},{"kind":"Default","name":"source_line","num_defaults":20,"num_rows":8753},{"kind":"Default","name":"thread_id","num_defaults":0,"num_rows":8753},{"kind":"Default","name":"value1","num_defaults":284,"num_rows":8753},{"kind":"Sparse","name":"value10","num_defaults":8753,"num_rows":8753},{"kind":"Default","name":"value2","num_defaults":2681,"num_rows":8753},{"kind":"Default","name":"value3","num_defaults":5423,"num_rows":8753},{"kind":"Sparse","name":"value4","num_defaults":8373,"num_rows":8753},{"kind":"Sparse","name":"value5","num_defaults":8506,"num_rows":8753},{"kind":"Sparse","name":"value6","num_defaults":8553,"num_rows":8753},{"kind":"Sparse","name":"value7","num_defaults":8531,"num_rows":8753},{"kind":"Sparse","name":"value8","num_defaults":8715,"num_rows":8753},{"kind":"Sparse","name":"value9","num_defaults":8753,"num_rows":8753}],"version":0}