{"columns":[{"kind":"Default","name":"event_date","num_defaults":0,"num_rows":11318},{"kind":"Default","name":"event_time","num_defaults":0,"num_rows":11318},{"kind":"Default","name":"event_time_microseconds","num_defaults":0,"num_rows":11318},{"kind":"Default","name":"level","num_defaults":0,"num_rows":11318},{"kind":"Default","name":"message","num_defaults":0,"num_rows":11318},{"kind":"Default","name":"query_id","num_defaults":8467,"num_rows":11318},{"kind":"Default","name":"revision","num_defaults":0,"num_rows":11318},{"kind":"Default","name":"source_line","num_defaults":20,"num_rows":11318},{"kind":"Default","name":"thread_id","num_defaults":0,"num_rows":11318},{"kind":"Default","name":"value1","num_defaults":435,"num_rows":11318},{"kind":"Sparse","name":"value10","num_defaults":11318,"num_rows":11318},{"kind":"Default","name":"value2","num_defaults":3470,"num_rows":11318},{"kind":"Default","name":"value3","num_defaults":6889,"num_rows":11318},{"kind":"Sparse","name":"value4","num_defaults":10675,"num_rows":11318},{"kind":"Sparse","name":"value5","num_defaults":10909,"num_rows":11318},{"kind":"Sparse","name":"value6","num_defaults":11083,"num_rows":11318},{"kind":"Sparse","name":"value7","num_defaults":10983,"num_rows":11318},{"kind":"Sparse","name":"value8","num_defaults":11207,"num_rows":11318},{"kind":"Sparse","name":"value9","num_defaults":11318,"num_rows":11318}],"version":0}