{"columns":[{"kind":"Default","name":"event_date","num_defaults":0,"num_rows":55},{"kind":"Default","name":"event_time","num_defaults":0,"num_rows":55},{"kind":"Default","name":"event_time_microseconds","num_defaults":0,"num_rows":55},{"kind":"Default","name":"level","num_defaults":0,"num_rows":55},{"kind":"Default","name":"message","num_defaults":0,"num_rows":55},{"kind":"Default","name":"query_id","num_defaults":32,"num_rows":55},{"kind":"Default","name":"revision","num_defaults":0,"num_rows":55},{"kind":"Default","name":"source_line","num_defaults":0,"num_rows":55},{"kind":"Default","name":"thread_id","num_defaults":0,"num_rows":55},{"kind":"Default","name":"value1","num_defaults":0,"num_rows":55},{"kind":"Sparse","name":"value10","num_defaults":55,"num_rows":55},{"kind":"Default","name":"value2","num_defaults":12,"num_rows":55},{"kind":"Default","name":"value3","num_defaults":24,"num_rows":55},{"kind":"Default","name":"value4","num_defaults":49,"num_rows":55},{"kind":"Default","name":"value5","num_defaults":51,"num_rows":55},{"kind":"Sparse","name":"value6","num_defaults":53,"num_rows":55},{"kind":"Sparse","name":"value7","num_defaults":53,"num_rows":55},{"kind":"Sparse","name":"value8","num_defaults":55,"num_rows":55},{"kind":"Sparse","name":"value9","num_defaults":55,"num_rows":55}],"version":0}