{"columns":[{"kind":"Default","name":"event_date","num_defaults":0,"num_rows":10207},{"kind":"Default","name":"event_time","num_defaults":0,"num_rows":10207},{"kind":"Default","name":"event_time_microseconds","num_defaults":0,"num_rows":10207},{"kind":"Default","name":"level","num_defaults":0,"num_rows":10207},{"kind":"Default","name":"message","num_defaults":0,"num_rows":10207},{"kind":"Default","name":"query_id","num_defaults":7668,"num_rows":10207},{"kind":"Default","name":"revision","num_defaults":0,"num_rows":10207},{"kind":"Default","name":"source_line","num_defaults":20,"num_rows":10207},{"kind":"Default","name":"thread_id","num_defaults":0,"num_rows":10207},{"kind":"Default","name":"value1","num_defaults":344,"num_rows":10207},{"kind":"Sparse","name":"value10","num_defaults":10207,"num_rows":10207},{"kind":"Default","name":"value2","num_defaults":3258,"num_rows":10207},{"kind":"Default","name":"value3","num_defaults":6361,"num_rows":10207},{"kind":"Sparse","name":"value4","num_defaults":9536,"num_rows":10207},{"kind":"Sparse","name":"value5","num_defaults":9820,"num_rows":10207},{"kind":"Sparse","name":"value6","num_defaults":9963,"num_rows":10207},{"kind":"Sparse","name":"value7","num_defaults":9873,"num_rows":10207},{"kind":"Sparse","name":"value8","num_defaults":10116,"num_rows":10207},{"kind":"Sparse","name":"value9","num_defaults":10207,"num_rows":10207}],"version":0}