{"columns":[{"kind":"Default","name":"event_date","num_defaults":0,"num_rows":534},{"kind":"Default","name":"event_time","num_defaults":0,"num_rows":534},{"kind":"Default","name":"event_time_microseconds","num_defaults":0,"num_rows":534},{"kind":"Default","name":"level","num_defaults":0,"num_rows":534},{"kind":"Default","name":"message","num_defaults":0,"num_rows":534},{"kind":"Default","name":"query_id","num_defaults":344,"num_rows":534},{"kind":"Default","name":"revision","num_defaults":0,"num_rows":534},{"kind":"Default","name":"source_line","num_defaults":0,"num_rows":534},{"kind":"Default","name":"thread_id","num_defaults":0,"num_rows":534},{"kind":"Default","name":"value1","num_defaults":52,"num_rows":534},{"kind":"Sparse","name":"value10","num_defaults":534,"num_rows":534},{"kind":"Default","name":"value2","num_defaults":177,"num_rows":534},{"kind":"Default","name":"value3","num_defaults":336,"num_rows":534},{"kind":"Default","name":"value4","num_defaults":434,"num_rows":534},{"kind":"Default","name":"value5","num_defaults":474,"num_rows":534},{"kind":"Default","name":"value6","num_defaults":488,"num_rows":534},{"kind":"Default","name":"value7","num_defaults":456,"num_rows":534},{"kind":"Default","name":"value8","num_defaults":496,"num_rows":534},{"kind":"Sparse","name":"value9","num_defaults":534,"num_rows":534}],"version":0}