{"columns":[{"kind":"Default","name":"event_date","num_defaults":0,"num_rows":10763},{"kind":"Default","name":"event_time","num_defaults":0,"num_rows":10763},{"kind":"Default","name":"event_time_microseconds","num_defaults":0,"num_rows":10763},{"kind":"Default","name":"level","num_defaults":0,"num_rows":10763},{"kind":"Default","name":"message","num_defaults":0,"num_rows":10763},{"kind":"Default","name":"query_id","num_defaults":8102,"num_rows":10763},{"kind":"Default","name":"revision","num_defaults":0,"num_rows":10763},{"kind":"Default","name":"source_line","num_defaults":20,"num_rows":10763},{"kind":"Default","name":"thread_id","num_defaults":0,"num_rows":10763},{"kind":"Default","name":"value1","num_defaults":396,"num_rows":10763},{"kind":"Sparse","name":"value10","num_defaults":10763,"num_rows":10763},{"kind":"Default","name":"value2","num_defaults":3320,"num_rows":10763},{"kind":"Default","name":"value3","num_defaults":6765,"num_rows":10763},{"kind":"Sparse","name":"value4","num_defaults":10163,"num_rows":10763},{"kind":"Sparse","name":"value5","num_defaults":10366,"num_rows":10763},{"kind":"Sparse","name":"value6","num_defaults":10529,"num_rows":10763},{"kind":"Sparse","name":"value7","num_defaults":10449,"num_rows":10763},{"kind":"Sparse","name":"value8","num_defaults":10672,"num_rows":10763},{"kind":"Sparse","name":"value9","num_defaults":10763,"num_rows":10763}],"version":0}