{"columns":[{"kind":"Default","name":"event_date","num_defaults":0,"num_rows":204},{"kind":"Default","name":"event_time","num_defaults":0,"num_rows":204},{"kind":"Default","name":"event_time_microseconds","num_defaults":0,"num_rows":204},{"kind":"Default","name":"level","num_defaults":0,"num_rows":204},{"kind":"Default","name":"message","num_defaults":0,"num_rows":204},{"kind":"Default","name":"query_id","num_defaults":55,"num_rows":204},{"kind":"Default","name":"revision","num_defaults":0,"num_rows":204},{"kind":"Default","name":"source_line","num_defaults":0,"num_rows":204},{"kind":"Default","name":"thread_id","num_defaults":0,"num_rows":204},{"kind":"Default","name":"value1","num_defaults":5,"num_rows":204},{"kind":"Sparse","name":"value10","num_defaults":204,"num_rows":204},{"kind":"Default","name":"value2","num_defaults":76,"num_rows":204},{"kind":"Default","name":"value3","num_defaults":165,"num_rows":204},{"kind":"Sparse","name":"value4","num_defaults":196,"num_rows":204},{"kind":"Sparse","name":"value5","num_defaults":198,"num_rows":204},{"kind":"Sparse","name":"value6","num_defaults":200,"num_rows":204},{"kind":"Sparse","name":"value7","num_defaults":200,"num_rows":204},{"kind":"Sparse","name":"value8","num_defaults":204,"num_rows":204},{"kind":"Sparse","name":"value9","num_defaults":204,"num_rows":204}],"version":0}